{"Nightclub": [0.23767782075732363, 0.5430988131784925, 0.6116109344304776], "Flea Market": [0.7581084342563853, 0.39412535277067445, 0.3565705585129121], "Forest": [1.0, 0.6003998463060342, 0.040784314333223826], "Track": [0.887658599544974, 0.46289890946126455, 0.5980776749989566], "Moving Target": [0.9006843580919154, 0.5232295555226943, 0.7215532653472003], "University": [0.8289119671372807, 0.6751249566966413, 0.1788542910533793], "Office": [0.45190313224698986, 0.49234911156635663, 0.46812766030722974], "Cycle Studio": [0.6865667237954981, 0.4048289206682467, 0.16126105873023763], "Theater": [0.7402230066411636, 0.37445598595282614, 0.41110343559115536], "Bar": [0.9822068445822771, 0.9662129954964507, 0.19780084893983954], "Parade": [0.33194926334362407, 0.6474894451160057, 0.3257824048107746], "College & University": [0.7503421909668866, 0.5616147896822761, 0.6607766445945291], "Restaurant": [0.5810842218352299, 0.325274906205196, 0.6214225508418738], "American Restaurant": [0.340730491105248, 0.4218377552488271, 0.608812009090302], "Kokore\u00e7 Restaurant": [0.6174240722375758, 0.2618992704678984, 0.35930796578234314], "Arts & Crafts Store": [1.0, 0.820868896619946, 0.12862745289709038], "Home (private)": [0.8941176533699036, 0.10196078568696976, 0.10980392247438431], "Hotel": [0.27286429148094327, 0.621468678408978, 0.43567859904438855], "Neighborhood": [0.9176316850325641, 0.45885428926523997, 0.13034986982158592]}