{"Home (private)": [1.0, 0.5059131104572147, 0.0031372549487095253], "Caf\u00e9": [0.8941176533699036, 0.10196078568696976, 0.10980392247438431]}