{"Sculpture Garden": [0.5110034641097574, 0.32341407230671715, 0.45527105936232737], "School": [1.0, 0.5059131104572147, 0.0031372549487095253], "Dry Cleaner": [0.553402559780607, 0.3610765216397304, 0.5885736457273072], "Playground": [1.0, 0.7893733180036733, 0.11607843310225245], "Skating Rink": [0.3873125874528698, 0.5758862142469369, 0.3914802150399077], "Motel": [0.9275201888645397, 0.48406000382759995, 0.6723875569946626], "Furniture / Home Store": [0.80816610139959, 0.546851238082437, 0.6841522679609411], "Costume Shop": [0.7522645284147823, 0.5295809372967364, 0.16938101211014917], "Outdoors & Recreation": [0.7655671035542208, 0.3865128864260281, 0.37099578333835975], "Wine Bar": [0.22685121438082526, 0.5189850084921893, 0.6657439607031205], "Dentist's Office": [0.9493579422726354, 0.9038369871822064, 0.1937408722498838], "Advertising Agency": [0.27557094307506785, 0.6274971295805538, 0.4221453424762277], "Theme Park": [0.748143036926494, 0.3888350791790906, 0.3379930880139856], "Neighborhood": [0.8941176533699036, 0.10196078568696976, 0.10980392247438431]}