{"Costume Shop": [0.7741637966212107, 0.571164942839567, 0.17208766323678637], "Theater": [0.4057670288226184, 0.552018470623914, 0.4133794851162854], "Playground": [1.0, 0.6161476356141707, 0.04705882423064288], "Restaurant": [0.5748558289864484, 0.2865051912034259, 0.3976932032143368], "School": [0.946943486438078, 0.511418714242823, 0.7402537640403298], "Furniture / Home Store": [1.0, 0.8523644752362196, 0.14117647269192865], "Dry Cleaner": [0.8941176533699036, 0.10196078568696976, 0.10980392247438431], "Neighborhood": [0.2555940046029932, 0.47104959671988206, 0.6855824839542893], "Motel": [0.7148789097281063, 0.36239908547962413, 0.45121108784395103], "Wine Bar": [0.938408308169421, 0.8830449844107908, 0.1923875466865652], "Bar": [0.7734717551399679, 0.5557093690423405, 0.6701268939410939], "Nightclub": [0.8378316128955168, 0.43644754150334525, 0.5051903225043242], "Office": [0.25121107872794657, 0.5732410690363715, 0.5439446515896742], "Sculpture Garden": [0.9049596365760354, 0.45282583902863893, 0.1504036959479837], "Home (private)": [0.6883506529471454, 0.3570934376295875, 0.22652826502042658], "Hotel": [0.2918108526398154, 0.6636678366100087, 0.34094580306726346], "Outdoors & Recreation": [0.5441753390957326, 0.3730103934512421, 0.5776240106891182]}