{"Nightclub": [0.7387774088803459, 0.564567500002244, 0.6561015199212467], "Sri Lankan Restaurant": [0.41499424950749264, 0.5400845988124024, 0.4243291201544743], "Fish & Chips Shop": [0.23226451756907446, 0.5310419108353409, 0.6386774475667991], "Restaurant": [1.0, 0.8996078431606294, 0.1600000023841858], "Office": [0.3620146127308116, 0.40953479488106337, 0.5896193903743052], "Basketball Stadium": [0.8415993942933924, 0.422683587845634, 0.25067282657997286], "Food & Drink Shop": [0.2674509882926941, 0.6094117760658264, 0.46274511218070985], "Dry Cleaner": [0.7851134307244245, 0.5919569456109813, 0.17344098880010492], "Convention Center": [0.30426760128900115, 0.6832910605505401, 0.29293349969620797], "Theater": [0.5349481184108584, 0.3849442652627534, 0.5666743756509294], "Bar": [0.6387081938631394, 0.24959631010013467, 0.34011534706634633], "Warehouse": [0.9075893942047568, 0.47347945664443225, 0.6352326159968096], "Volleyball Court": [1.0, 0.5059131104572147, 0.0031372549487095253], "Private School": [0.6768627643585206, 0.3443137347698212, 0.5113725662231445], "BBQ Joint": [0.7780392289161682, 0.40470589995384215, 0.3937254995107651], "Home (private)": [0.8941176533699036, 0.10196078568696976, 0.10980392247438431], "Train Station": [1.0, 0.6948865821548537, 0.07843137371773813], "Pool": [0.8891195760053747, 0.5261822658426621, 0.7168781406739179], "Hotel": [0.927458674066207, 0.8622529816393758, 0.19103422112324658], "Fraternity House": [0.6584544609574711, 0.34122261685483596, 0.1707958535236471]}