{"Bar": [0.7522645284147823, 0.5295809372967364, 0.16938101211014917], "Italian Restaurant": [0.7655671035542208, 0.3865128864260281, 0.37099578333835975], "Hotel": [0.8941176533699036, 0.10196078568696976, 0.10980392247438431], "Nightclub": [0.22685121438082526, 0.5189850084921893, 0.6657439607031205], "Office": [0.9275201888645397, 0.48406000382759995, 0.6723875569946626], "Restaurant": [1.0, 0.7893733180036733, 0.11607843310225245], "Theater": [0.3873125874528698, 0.5758862142469369, 0.3914802150399077]}