{"Nightclub": [0.842860447659212, 0.5379931071225335, 0.6981776419807882], "Restaurant": [0.7275509581846348, 0.36842753571622505, 0.43115726171755353], "Mosque": [0.2430911239455728, 0.5551557155216441, 0.5845444212941563], "Office": [0.8941176533699036, 0.10196078568696976, 0.10980392247438431], "Theater": [0.8836601376533508, 0.7790849705537161, 0.18562091886997223], "Bar": [1.0, 0.5059131104572147, 0.0031372549487095253], "Knitting Store": [0.6584544609574711, 0.34122261685483596, 0.1707958535236471], "Pier": [1.0, 0.836616685928083, 0.1349019627945096], "Piano Bar": [0.8677278048851911, 0.45231836227809685, 0.5609227340011036], "Car Dealership": [0.44715109923306634, 0.36032295341000836, 0.5128489155103179], "Home (private)": [0.30426760128900115, 0.6832910605505401, 0.29293349969620797], "Hotel": [0.49803923567136127, 0.43267975250879925, 0.522875835498174]}