{"Fraternity House": [0.6975163578987121, 0.4256209234396616, 0.1626143842935562], "Conference": [0.22143791119257608, 0.5069281061490377, 0.6928104738394419], "Bank": [0.9474509835243226, 0.49464055101076765, 0.7095424979925156], "Medical School": [0.5322875857353211, 0.31111111193895336, 0.4360784406463305], "Caf\u00e9": [0.8922875881195068, 0.44679738879203795, 0.17045752207438153], "Piano Bar": [0.3411764840284983, 0.6355555733044942, 0.33673203984896344], "Latin American Restaurant": [0.7780392289161682, 0.40470589995384215, 0.3937254995107651], "Knitting Store": [1.0, 0.6318954249223073, 0.05333333412806193], "Residential Building (Apartment / Condo)": [0.7966013193130493, 0.5498039484024048, 0.6794771432876587], "Automotive Shop": [0.8941176533699036, 0.10196078568696976, 0.10980392247438431], "Pier": [1.0, 0.8996078431606294, 0.1600000023841858], "Mountain": [0.49803923567136127, 0.43267975250879925, 0.522875835498174], "Advertising Agency": [0.6768627643585206, 0.3443137347698212, 0.5113725662231445], "Car Dealership": [0.2674509882926941, 0.6094117760658264, 0.46274511218070985], "Mosque": [0.8836601376533508, 0.7790849705537161, 0.18562091886997223]}