{"ATM": [0.748143036926494, 0.3888350791790906, 0.3379930880139856], "Hotel": [1.0, 0.5059131104572147, 0.0031372549487095253], "Movie Theater": [0.7025605587398305, 0.21268742899684345, 0.28253749091835584], "University": [0.27557094307506785, 0.6274971295805538, 0.4221453424762277], "Office": [0.30426760128900115, 0.6832910605505401, 0.29293349969620797], "Summer Camp": [1.0, 0.7893733180036733, 0.11607843310225245], "Theater": [0.47035757361673824, 0.46848136794333384, 0.4900269303836073], "Bar": [0.5110034641097574, 0.32341407230671715, 0.45527105936232737], "Radio Station": [0.80816610139959, 0.546851238082437, 0.6841522679609411], "High School": [0.3873125874528698, 0.5758862142469369, 0.3914802150399077], "Museum": [0.6584544609574711, 0.34122261685483596, 0.1707958535236471], "Used Bookstore": [0.22685121438082526, 0.5189850084921893, 0.6657439607031205], "Camera Store": [1.0, 0.6476432142304439, 0.05960784402548098], "Home (private)": [0.704083062620724, 0.5734256309621475, 0.6420761459013995], "Tech Startup": [0.9122491401784564, 0.5202768452027264, 0.7262283900204828], "Bathing Area": [0.6515186674454633, 0.3322568342966192, 0.5514802184759402], "Nightclub": [0.8796155396629782, 0.440768938555437, 0.19051134820077936], "Restaurant": [0.553402559780607, 0.3610765216397304, 0.5885736457273072], "Tanning Salon": [0.8941176533699036, 0.10196078568696976, 0.10980392247438431], "Storage Facility": [0.7655671035542208, 0.3865128864260281, 0.37099578333835975], "Paintball Field": [0.9275201888645397, 0.48406000382759995, 0.6723875569946626], "Other Great Outdoors": [0.25121107872794657, 0.5732410690363715, 0.5439446515896742], "Furniture / Home Store": [0.9493579422726354, 0.9038369871822064, 0.1937408722498838], "Perfume Shop": [0.8508112353437087, 0.7167089622394711, 0.18156094218001645], "River": [1.0, 0.9311034217769025, 0.1725490221790239], "Volcano": [0.8378316128955168, 0.43644754150334525, 0.5051903225043242], "EV Charging Station": [0.3194463694796843, 0.43414071561659084, 0.6280046278062988], "Bus Line": [0.7522645284147823, 0.5295809372967364, 0.16938101211014917]}