{"Theater": [0.5626297804654814, 0.34914264982821896, 0.599523280765496], "Perfume Shop": [0.7303652602083542, 0.48799693175390657, 0.166674360983512], "Camera Store": [1.0, 0.8996078431606294, 0.1600000023841858], "Tech Startup": [0.946943486438078, 0.511418714242823, 0.7402537640403298], "Bar": [0.6812764371142668, 0.2249903893646072, 0.30173010963435265], "Nightclub": [1.0, 0.5846520569978976, 0.03450980443580478], "Office": [0.3688581460831212, 0.5997539578699598, 0.36958094496353], "Home (private)": [0.7156478447072646, 0.5704729206421796, 0.6467512705746818], "EV Charging Station": [0.2555940046029932, 0.47104959671988206, 0.6855824839542893], "Gas Station / Garage": [0.46843522085863004, 0.3480199930422446, 0.493656296794321], "Other Great Outdoors": [0.2674509882926941, 0.6094117760658264, 0.46274511218070985], "Summer Camp": [0.9603075763758491, 0.9246289899536208, 0.19509419781320236], "Radio Station": [0.8312956655726713, 0.5409458174425013, 0.6935025173075059], "Movie Theater": [0.8941176533699036, 0.10196078568696976, 0.10980392247438431], "Restaurant": [0.6768627643585206, 0.3443137347698212, 0.5113725662231445], "Museum": [0.7780392289161682, 0.40470589995384215, 0.3937254995107651], "Furniture / Home Store": [0.8398616012404947, 0.6959169594680562, 0.18020761661669787], "Paintball Field": [0.887658599544974, 0.46289890946126455, 0.5980776749989566], "Bus Line": [0.6783852556172539, 0.35180316403800366, 0.2079507945215001], "Bathing Area": [0.8035832489238066, 0.40459823713583104, 0.3108343049591663], "High School": [0.4611303529318641, 0.4804152397548451, 0.47907729534541854], "Hotel": [1.0, 0.7421299500792634, 0.09725490340999528], "Storage Facility": [0.9303037334890925, 0.46488273950184084, 0.1102960436951883], "Used Bookstore": [0.23767782075732363, 0.5430988131784925, 0.6116109344304776], "University": [0.29451750423393996, 0.6696962877815844, 0.32741254649910284]}