{"Sunday": [0.8941176533699036, 0.10196078568696976, 0.10980392247438431], "Monday": [0.8836601376533508, 0.7790849705537161, 0.18562091886997223], "Tuesday": [0.49803923567136127, 0.43267975250879925, 0.522875835498174]}