{"Radio Station": [0.7850365372265087, 0.5527566587223727, 0.6748020186143763], "Used Bookstore": [0.6388466189889347, 0.3262283840600182, 0.571534044602338], "High School": [0.797970023575951, 0.41528644713700985, 0.43088044050861807], "Road": [1.0, 0.5689042676897605, 0.02823529453838555], "Seafood Restaurant": [0.6925182805341833, 0.5763783412821153, 0.6374010212281171], "Airport": [0.7402230066411636, 0.37445598595282614, 0.41110343559115536], "Other Great Outdoors": [0.7238446803653942, 0.20038446862907972, 0.263344872202359], "River": [0.2403844723514482, 0.5491272643500683, 0.598077677862317], "Summer Camp": [0.2187312595984515, 0.5008996549774618, 0.7063437304076028], "Moving Target": [0.5441753390957326, 0.3730103934512421, 0.5776240106891182], "Furniture / Home Store": [0.2620376851044449, 0.5973548737226747, 0.4898116253170314], "Outlet Store": [0.957416380854214, 0.4999308246023515, 0.7281199684914421], "Storage Facility": [0.3832987343563753, 0.3972318345132996, 0.5704267716583084], "Club House": [0.938408308169421, 0.8830449844107908, 0.1923875466865652], "University": [0.5535717073608848, 0.2988081515711897, 0.4168858219303337], "Bathing Area": [0.9429757819456213, 0.4709111897384419, 0.09024221756879025], "Movie Theater": [0.47035757361673824, 0.46848136794333384, 0.4900269303836073], "Yoga Studio": [0.8415993942933924, 0.422683587845634, 0.25067282657997286], "EV Charging Station": [0.7182468449368197, 0.37296425840433906, 0.2822606765172061], "Volcano": [0.396539808137744, 0.5639523424354256, 0.4024298500780964], "Gas Station / Garage": [0.8941176533699036, 0.10196078568696976, 0.10980392247438431], "Credit Union": [0.8776932022150825, 0.4576086358696807, 0.5795002045000301], "Perfume Shop": [0.2836908978574416, 0.6455824830952812, 0.38154557277174567], "Camera Store": [1.0, 0.6948865821548537, 0.07843137371773813], "Tech Startup": [0.8508112353437087, 0.7167089622394711, 0.18156094218001645], "Museum": [0.877554793918834, 0.5291349761626299, 0.7122030160006355], "Tanning Salon": [0.6756170896922841, 0.3840369178968317, 0.15990773316691903], "Paintball Field": [1.0, 0.9468512110850391, 0.17882353207644294], "ATM": [0.3227220426587496, 0.6594233169275173, 0.31483276977258556], "Boxing Gym": [0.7632141625179965, 0.5503729400681514, 0.17073433767346774], "Bus Line": [1.0, 0.820868896619946, 0.12862745289709038]}