{"Modern European Restaurant": [1.0, 0.7578777393874001, 0.10352941330741434], "Tunnel": [0.42586697760750264, 0.3726259137777721, 0.5320415342263147], "Pakistani Restaurant": [0.3227220426587496, 0.6594233169275173, 0.31483276977258556], "Airport": [0.27827759466919244, 0.6335255807521296, 0.408612085908067], "Butcher": [0.6515186674454633, 0.3322568342966192, 0.5514802184759402], "University": [0.8544252297457526, 0.5350403968025657, 0.7028527666540707], "Dive Shop": [1.0, 0.9311034217769025, 0.1725490221790239], "Travel Lounge": [0.6756170896922841, 0.3840369178968317, 0.15990773316691903], "General Travel": [0.6599923154887031, 0.23729334973237093, 0.3209227283503495], "Housing Development": [0.790911200467278, 0.39856978689923006, 0.3308881310855641], "South American Restaurant": [0.957416380854214, 0.4999308246023515, 0.7281199684914421], "Professional & Other Places": [0.9303037334890925, 0.46488273950184084, 0.1102960436951883], "Chaat Place": [0.5349481184108584, 0.3849442652627534, 0.5666743756509294], "Kushikatsu Restaurant": [0.7381776395966025, 0.38354480558750675, 0.3194156175150591], "Other Event": [0.927458674066207, 0.8622529816393758, 0.19103422112324658], "Hospital": [0.7960630648276386, 0.6127489483823962, 0.17479431436342352], "Village": [0.24850442713382198, 0.5672126178647957, 0.5574779081578348], "Zoo": [0.8477970102254082, 0.4417378150949291, 0.5237677930032506], "Event Space": [0.2187312595984515, 0.5008996549774618, 0.7063437304076028], "Neighborhood": [0.7272126267938056, 0.5675202103222117, 0.6514263952479644], "Planetarium": [0.42422147019236695, 0.5281507270008909, 0.4352787551926631], "Strip Club": [0.8941176533699036, 0.10196078568696976, 0.10980392247438431], "Circus School": [1.0, 0.5846520569978976, 0.03450980443580478]}