{"Theater": [0.8941176533699036, 0.10196078568696976, 0.10980392247438431], "Chinese Restaurant": [0.2674509882926941, 0.6094117760658264, 0.46274511218070985], "Bar": [0.41499424950749264, 0.5400845988124024, 0.4243291201544743], "Office": [0.6768627643585206, 0.3443137347698212, 0.5113725662231445], "Residential Building (Apartment / Condo)": [0.7780392289161682, 0.40470589995384215, 0.3937254995107651], "Restaurant": [1.0, 0.8996078431606294, 0.1600000023841858], "Home (private)": [0.3620146127308116, 0.40953479488106337, 0.5896193903743052], "Nightclub": [0.8891195760053747, 0.5261822658426621, 0.7168781406739179], "Hotel": [0.7851134307244245, 0.5919569456109813, 0.17344098880010492], "Malaysian Restaurant": [1.0, 0.5059131104572147, 0.0031372549487095253]}