{"Home (private)": [0.2674509882926941, 0.6094117760658264, 0.46274511218070985], "Hotel": [1.0, 0.8996078431606294, 0.1600000023841858], "Caf\u00e9": [0.8941176533699036, 0.10196078568696976, 0.10980392247438431], "Office": [0.7780392289161682, 0.40470589995384215, 0.3937254995107651], "Pub": [0.6768627643585206, 0.3443137347698212, 0.5113725662231445]}