{"School": [0.9585082685246187, 0.5084660039228551, 0.7449288887136123], "Airport Lounge": [0.44715109923306634, 0.36032295341000836, 0.5128489155103179], "Nature Preserve": [0.30426760128900115, 0.6832910605505401, 0.29293349969620797], "Cafeteria": [0.7581084342563853, 0.39412535277067445, 0.3565705585129121], "States & Municipalities": [0.9931564786854912, 0.9870049982678657, 0.19915417450315812], "English Restaurant": [0.6008304736193488, 0.30814303335021526, 0.6316955229815315], "Tailor Shop": [1.0, 0.6633910035385805, 0.06588235392290002], "Costume Shop": [0.2160246080043269, 0.49487120380588606, 0.7198769869757634], "Outdoors & Recreation": [0.8836601376533508, 0.7790849705537161, 0.18562091886997223], "Art Museum": [0.27286429148094327, 0.621468678408978, 0.43567859904438855], "Church": [0.8941176533699036, 0.10196078568696976, 0.10980392247438431], "Island": [0.8669434912064495, 0.43474048831883594, 0.2105651743271772], "Rest Area": [0.396539808137744, 0.5639523424354256, 0.4024298500780964], "Beach": [0.6812764371142668, 0.2249903893646072, 0.30173010963435265], "Hardware Store": [1.0, 0.5059131104572147, 0.0031372549487095253], "Trail": [0.2430911239455728, 0.5551557155216441, 0.5845444212941563], "Scenic Lookout": [0.49803923567136127, 0.43267975250879925, 0.522875835498174], "General College & University": [0.842860447659212, 0.5379931071225335, 0.6981776419807882], "Street Fair": [0.7275509581846348, 0.36842753571622505, 0.43115726171755353], "Language School": [1.0, 0.836616685928083, 0.1349019627945096], "Mountain": [0.7156478447072646, 0.5704729206421796, 0.6467512705746818], "Nursery School": [0.7632141625179965, 0.5503729400681514, 0.17073433767346774], "Professional & Other Places": [0.6584544609574711, 0.34122261685483596, 0.1707958535236471], "Student Center": [0.8677278048851911, 0.45231836227809685, 0.5609227340011036]}