{"Hotel": [0.7282122422667111, 0.3782545319959229, 0.30083814701613254], "Nightclub": [0.49803923567136127, 0.43267975250879925, 0.522875835498174], "Theater": [0.28098424626331703, 0.6395540319237054, 0.3950788293399063], "Plane": [1.0, 0.7263821607711268, 0.09098039351257624], "Restaurant": [0.2981622478541206, 0.4464436759843546, 0.6471972465222957], "Bus Line": [0.8162552973803352, 0.410626687372432, 0.2907804788327685], "Home (private)": [0.8836601376533508, 0.7790849705537161, 0.18562091886997223], "Bar": [0.9238139222649967, 0.5173241348827586, 0.7309035146937651], "Office": [0.8941176533699036, 0.10196078568696976, 0.10980392247438431]}