{"Residential Building (Apartment / Condo)": [0.854271442749921, 0.428712038082235, 0.23061900045357503], "Country": [0.25391773032207116, 0.5792695202079474, 0.5304113950215135], "Persian Restaurant": [0.8659900118322933, 0.5320876864825979, 0.707527891327353], "Asian Restaurant": [0.9712572104790631, 0.9454209927250358, 0.19644752337652094], "Bagel Shop": [0.8941176533699036, 0.10196078568696976, 0.10980392247438431], "Government Building": [0.6599923154887031, 0.23729334973237093, 0.3209227283503495], "Professional & Other Places": [0.9474509835243226, 0.49464055101076765, 0.7095424979925156], "Plaza": [0.404582855981939, 0.38492887414553584, 0.5512341529423115], "Whisky Bar": [0.5718570011503556, 0.3372087780167075, 0.6104729158036849], "Coworking Space": [0.22143791119257608, 0.5069281061490377, 0.6928104738394419], "Building": [1.0, 0.8681122645443562, 0.1474509825893477], "Peruvian Restaurant": [1.0, 0.6791387928467171, 0.07215686382031908], "Vineyard": [0.2863975494515662, 0.651610934266857, 0.3680123162035849], "Post Office": [1.0, 0.5059131104572147, 0.0031372549487095253], "Art Gallery": [0.7082814476069282, 0.3676739848127552, 0.26368320601827955], "Video Store": [0.4611303529318641, 0.4804152397548451, 0.47907729534541854], "Hot Spring": [0.8398616012404947, 0.6959169594680562, 0.18020761661669787], "Fast Food Restaurant": [0.7272126267938056, 0.5675202103222117, 0.6514263952479644], "Kebab Restaurant": [0.3504037047133726, 0.6236217014929828, 0.3476816748871523], "Laundry Service": [0.7022068612715777, 0.35637063524302315, 0.47126491397034886], "Gym / Fitness Center": [0.7084659920019262, 0.44641292621107664, 0.1639677098568748], "Mac & Cheese Joint": [0.8278662155656253, 0.4311572679117614, 0.4866128520053976]}