{"Office": [1.0, 0.5059131104572147, 0.0031372549487095253], "Theater": [0.2160246080043269, 0.49487120380588606, 0.7198769869757634], "Home (private)": [0.30426760128900115, 0.6832910605505401, 0.29293349969620797], "French Restaurant": [0.8941176533699036, 0.10196078568696976, 0.10980392247438431], "Hotel": [0.9931564786854912, 0.9870049982678657, 0.19915417450315812], "Bar": [0.6008304736193488, 0.30814303335021526, 0.6316955229815315], "Nightclub": [0.6584544609574711, 0.34122261685483596, 0.1707958535236471], "Restaurant": [0.9585082685246187, 0.5084660039228551, 0.7449288887136123]}