{"Spiritual Center": [0.6756170896922841, 0.3840369178968317, 0.15990773316691903], "Monument / Landmark": [0.8836601376533508, 0.7790849705537161, 0.18562091886997223], "Frozen Yogurt": [1.0, 0.7263821607711268, 0.09098039351257624], "Gun Range": [0.7282122422667111, 0.3782545319959229, 0.30083814701613254], "Recruiting Agency": [0.22955786597494984, 0.5250134596637651, 0.6522107041349599], "College Lab": [0.7025605587398305, 0.21268742899684345, 0.28253749091835584], "Latin American Restaurant": [0.704083062620724, 0.5734256309621475, 0.6420761459013995], "College Math Building": [1.0, 0.8681122645443562, 0.1474509825893477], "College Soccer Field": [0.5110034641097574, 0.32341407230671715, 0.45527105936232737], "Bike Rental / Bike Share": [0.8179008182357339, 0.42586699432017755, 0.46803538150647106], "Tree": [0.7022068612715777, 0.35637063524302315, 0.47126491397034886], "Karaoke Bar": [0.9822068445822771, 0.9662129954964507, 0.19780084893983954], "Stadium": [0.49803923567136127, 0.43267975250879925, 0.522875835498174], "Newsstand": [0.2981622478541206, 0.4464436759843546, 0.6471972465222957], "Swiss Restaurant": [0.9238139222649967, 0.5173241348827586, 0.7309035146937651], "Fondue Restaurant": [0.28098424626331703, 0.6395540319237054, 0.3950788293399063], "Martial Arts Dojo": [0.4057670288226184, 0.552018470623914, 0.4133794851162854], "Kebab Restaurant": [0.3227220426587496, 0.6594233169275173, 0.31483276977258556], "Airport Gate": [0.8941176533699036, 0.10196078568696976, 0.10980392247438431], "Smoke Shop": [0.9175547915346483, 0.4787697302360161, 0.6538100864957361], "Argentinian Restaurant": [0.25662438191619574, 0.5852979713795232, 0.5168781384533527], "Hardware Store": [0.5810842218352299, 0.325274906205196, 0.6214225508418738], "Police Station": [0.7741637966212107, 0.571164942839567, 0.17208766323678637], "Pier": [1.0, 0.5689042676897605, 0.02823529453838555], "College Cafeteria": [0.80816610139959, 0.546851238082437, 0.6841522679609411], "Assisted Living": [0.8162552973803352, 0.410626687372432, 0.2907804788327685], "Music School": [0.9429757819456213, 0.4709111897384419, 0.09024221756879025]}