{"Post Office": [1.0, 0.820868896619946, 0.12862745289709038], "Pastelaria": [0.7581084342563853, 0.39412535277067445, 0.3565705585129121], "Caucasian Restaurant": [0.9006843580919154, 0.5232295555226943, 0.7215532653472003], "Airport Lounge": [0.887658599544974, 0.46289890946126455, 0.5980776749989566], "Bakery": [1.0, 0.6003998463060342, 0.040784314333223826], "Residential Building (Apartment / Condo)": [0.7402230066411636, 0.37445598595282614, 0.41110343559115536], "Music Venue": [0.6865667237954981, 0.4048289206682467, 0.16126105873023763], "Government Building": [0.6174240722375758, 0.2618992704678984, 0.35930796578234314], "Outlet Store": [0.45190313224698986, 0.49234911156635663, 0.46812766030722974], "Military Base": [0.8289119671372807, 0.6751249566966413, 0.1788542910533793], "Knitting Store": [0.8941176533699036, 0.10196078568696976, 0.10980392247438431], "College Communications Building": [0.7503421909668866, 0.5616147896822761, 0.6607766445945291], "College Residence Hall": [0.23767782075732363, 0.5430988131784925, 0.6116109344304776], "Australian Restaurant": [0.33194926334362407, 0.6474894451160057, 0.3257824048107746], "Fabric Shop": [0.9822068445822771, 0.9662129954964507, 0.19780084893983954], "Veterinarian": [0.9176316850325641, 0.45885428926523997, 0.13034986982158592], "Pet Store": [0.340730491105248, 0.4218377552488271, 0.608812009090302], "Lake": [0.5810842218352299, 0.325274906205196, 0.6214225508418738], "Middle School": [0.27286429148094327, 0.621468678408978, 0.43567859904438855]}