{"Residential Building (Apartment / Condo)": [0.404582855981939, 0.38492887414553584, 0.5512341529423115], "Caf\u00e9": [0.5718570011503556, 0.3372087780167075, 0.6104729158036849], "Building": [0.7084659920019262, 0.44641292621107664, 0.1639677098568748], "Bus Station": [0.854271442749921, 0.428712038082235, 0.23061900045357503], "Coffee Shop": [0.25391773032207116, 0.5792695202079474, 0.5304113950215135], "Home (private)": [0.9712572104790631, 0.9454209927250358, 0.19644752337652094], "Malaysian Restaurant": [0.8659900118322933, 0.5320876864825979, 0.707527891327353], "Office": [0.3504037047133726, 0.6236217014929828, 0.3476816748871523], "Nightclub": [0.8941176533699036, 0.10196078568696976, 0.10980392247438431], "Airport Gate": [1.0, 0.6791387928467171, 0.07215686382031908], "Food Court": [0.8278662155656253, 0.4311572679117614, 0.4866128520053976]}