{"Village": [0.8162552973803352, 0.410626687372432, 0.2907804788327685], "Beach": [0.9238139222649967, 0.5173241348827586, 0.7309035146937651], "Residence": [0.2430911239455728, 0.5551557155216441, 0.5845444212941563], "Train": [0.8941176533699036, 0.10196078568696976, 0.10980392247438431], "Animal Shelter": [0.8677278048851911, 0.45231836227809685, 0.5609227340011036], "Train Station": [0.6388466189889347, 0.3262283840600182, 0.571534044602338], "Camera Store": [0.28098424626331703, 0.6395540319237054, 0.3950788293399063], "Light Rail Station": [0.7282122422667111, 0.3782545319959229, 0.30083814701613254], "Airport Gate": [1.0, 0.5059131104572147, 0.0031372549487095253], "Cupcake Shop": [1.0, 0.7263821607711268, 0.09098039351257624], "Platform": [0.7619069730534274, 0.5586620793623083, 0.6654517692678115], "College Academic Building": [0.5961399506120121, 0.2742022308356622, 0.37850058449834], "Liquor Store": [0.8836601376533508, 0.7790849705537161, 0.18562091886997223], "Law School": [0.7303652602083542, 0.48799693175390657, 0.166674360983512], "Boat or Ferry": [0.3688581460831212, 0.5997539578699598, 0.36958094496353], "Bus Line": [0.49803923567136127, 0.43267975250879925, 0.522875835498174], "Music School": [0.2981622478541206, 0.4464436759843546, 0.6471972465222957], "Fish Market": [1.0, 0.9468512110850391, 0.17882353207644294]}