{"Theater": [0.8070126989308526, 0.6335409511538113, 0.1761476399267421], "Restaurant": [1.0, 0.6476432142304439, 0.05960784402548098], "College Academic Building": [0.6261745705324059, 0.3201999338234171, 0.5915878707287361], "Hotel": [1.0, 0.9625990003931757, 0.185098041973862], "Bar": [0.8796155396629782, 0.440768938555437, 0.19051134820077936], "Nightclub": [0.43344869087724125, 0.5162168551893795, 0.44622839023085203], "Airport Gate": [0.8941176533699036, 0.10196078568696976, 0.10980392247438431], "Office": [0.2891042010456908, 0.6576393854384328, 0.35447905963542414], "Train": [0.23497116916319905, 0.5370703620069167, 0.6251441909986384], "Home (private)": [0.4897193424841937, 0.3357170326744809, 0.4744636780783242], "Boat or Ferry": [0.6983160502770365, 0.3623837112211712, 0.24510573551935255], "Beach": [0.8197308834861307, 0.5438985277624692, 0.6888273926342234], "Law School": [0.8976239968748654, 0.4681891830528484, 0.616655145497883]}