{"Road": [0.27286429148094327, 0.621468678408978, 0.43567859904438855], "Kids Store": [0.8941176533699036, 0.10196078568696976, 0.10980392247438431], "Preschool": [0.2160246080043269, 0.49487120380588606, 0.7198769869757634], "Daycare": [0.6584544609574711, 0.34122261685483596, 0.1707958535236471], "Irish Pub": [0.44715109923306634, 0.36032295341000836, 0.5128489155103179], "Park": [0.9931564786854912, 0.9870049982678657, 0.19915417450315812], "Convenience Store": [0.8669434912064495, 0.43474048831883594, 0.2105651743271772], "Gym / Fitness Center": [0.8836601376533508, 0.7790849705537161, 0.18562091886997223], "Golf Course": [0.842860447659212, 0.5379931071225335, 0.6981776419807882], "Toy / Game Store": [1.0, 0.5059131104572147, 0.0031372549487095253], "Opera House": [0.7156478447072646, 0.5704729206421796, 0.6467512705746818], "Smoothie Shop": [0.6812764371142668, 0.2249903893646072, 0.30173010963435265], "Dive Bar": [0.396539808137744, 0.5639523424354256, 0.4024298500780964], "Elementary School": [0.9585082685246187, 0.5084660039228551, 0.7449288887136123], "Athletics & Sports": [0.30426760128900115, 0.6832910605505401, 0.29293349969620797], "Bike Shop": [0.6008304736193488, 0.30814303335021526, 0.6316955229815315], "Music Venue": [0.2430911239455728, 0.5551557155216441, 0.5845444212941563], "Chinese Restaurant": [1.0, 0.6633910035385805, 0.06588235392290002], "Piano Bar": [0.49803923567136127, 0.43267975250879925, 0.522875835498174], "Doctor's Office": [1.0, 0.836616685928083, 0.1349019627945096], "College Science Building": [0.7581084342563853, 0.39412535277067445, 0.3565705585129121], "Discount Store": [0.8677278048851911, 0.45231836227809685, 0.5609227340011036], "Nursery School": [0.7275509581846348, 0.36842753571622505, 0.43115726171755353], "Skate Park": [0.7632141625179965, 0.5503729400681514, 0.17073433767346774]}