{"Factory": [0.5535717073608848, 0.2988081515711897, 0.4168858219303337], "Theater": [0.8179008182357339, 0.42586699432017755, 0.46803538150647106], "Community Center": [0.7734717551399679, 0.5557093690423405, 0.6701268939410939], "Restaurant": [0.9931564786854912, 0.9870049982678657, 0.19915417450315812], "Hotel": [1.0, 0.5059131104572147, 0.0031372549487095253], "Golf Course": [0.25933103351032033, 0.591326422551099, 0.503344881885192], "Sake Bar": [0.8179623330340666, 0.6543329539252263, 0.1775009654900607], "Bathing Area": [0.8941176533699036, 0.10196078568696976, 0.10980392247438431], "Bar": [0.2160246080043269, 0.49487120380588606, 0.7198769869757634], "Office": [0.9585082685246187, 0.5084660039228551, 0.7449288887136123], "Shrine": [0.6584544609574711, 0.34122261685483596, 0.1707958535236471], "Home (private)": [0.30426760128900115, 0.6832910605505401, 0.29293349969620797], "Nightclub": [0.45190313224698986, 0.49234911156635663, 0.46812766030722974], "Donburi Restaurant": [0.6008304736193488, 0.30814303335021526, 0.6316955229815315], "Burrito Place": [0.8035832489238066, 0.40459823713583104, 0.3108343049591663], "Spa": [1.0, 0.7578777393874001, 0.10352941330741434]}