{"Shrine": [0.6261745705324059, 0.3201999338234171, 0.5915878707287361], "Road": [0.9353787043515374, 0.5143714245627908, 0.7355786393670475], "Airport Food Court": [0.2891042010456908, 0.6576393854384328, 0.35447905963542414], "Border Crossing": [1.0, 0.8051211073118099, 0.12235294299967149], "Spa": [0.8197308834861307, 0.5438985277624692, 0.6888273926342234], "Factory": [0.9165090399629929, 0.8414609788679609, 0.189680895559928], "Rugby Pitch": [0.4897193424841937, 0.3357170326744809, 0.4744636780783242], "Burrito Place": [0.23497116916319905, 0.5370703620069167, 0.6251441909986384], "Convention Center": [0.3411764840284983, 0.6355555733044942, 0.33673203984896344], "Toll Plaza": [0.2768781262285569, 0.4587466363521183, 0.6663898652382926], "Bathing Area": [0.5257208977259842, 0.39687813707426484, 0.5557247406127406], "Airport Terminal": [0.797970023575951, 0.41528644713700985, 0.43088044050861807], "Bath House": [0.8796155396629782, 0.440768938555437, 0.19051134820077936], "Trail": [1.0, 0.6476432142304439, 0.05960784402548098], "Vineyard": [0.43344869087724125, 0.5162168551893795, 0.44622839023085203], "College Soccer Field": [1.0, 0.9625990003931757, 0.185098041973862], "Community Center": [0.704083062620724, 0.5734256309621475, 0.6420761459013995], "Laboratory": [0.8976239968748654, 0.4681891830528484, 0.616655145497883], "Parking": [0.8070126989308526, 0.6335409511538113, 0.1761476399267421], "Golf Course": [0.8941176533699036, 0.10196078568696976, 0.10980392247438431], "Bike Rental / Bike Share": [0.7528950550976922, 0.38048443618942707, 0.3910496094647576], "Donburi Restaurant": [0.6975163578987121, 0.4256209234396616, 0.1626143842935562], "Street Art": [0.7025605587398305, 0.21268742899684345, 0.28253749091835584], "Post Office": [0.2620376851044449, 0.5973548737226747, 0.4898116253170314], "Sake Bar": [1.0, 0.5059131104572147, 0.0031372549487095253], "Animal Shelter": [0.6983160502770365, 0.3623837112211712, 0.24510573551935255]}