{"AFTERNOON": [0.30426760128900115, 0.6832910605505401, 0.29293349969620797], "EVENING": [0.6584544609574711, 0.34122261685483596, 0.1707958535236471], "NOON": [1.0, 0.5059131104572147, 0.0031372549487095253], "MORNING": [0.8941176533699036, 0.10196078568696976, 0.10980392247438431]}