{"Trail": [0.7522645284147823, 0.5295809372967364, 0.16938101211014917], "Ski Chalet": [0.6387081938631394, 0.24959631010013467, 0.34011534706634633], "Rock Climbing Spot": [0.8079354209058425, 0.4205767207285937, 0.44945791100754456], "Automotive Shop": [0.8836601376533508, 0.7790849705537161, 0.18562091886997223], "Hobby Shop": [0.6883506529471454, 0.3570934376295875, 0.22652826502042658], "Bowling Green": [0.3832987343563753, 0.3972318345132996, 0.5704267716583084], "Residential Building (Apartment / Condo)": [1.0, 0.9783467897013123, 0.19137255187128105], "Recording Studio": [0.877554793918834, 0.5291349761626299, 0.7122030160006355], "College Soccer Field": [0.49803923567136127, 0.43267975250879925, 0.522875835498174], "Gym": [0.9176316850325641, 0.45885428926523997, 0.13034986982158592], "Dive Shop": [0.6135025220758775, 0.31417148358681624, 0.6116416968551337], "Plane": [0.8941176533699036, 0.10196078568696976, 0.10980392247438431], "Convenience Store": [0.3873125874528698, 0.5758862142469369, 0.3914802150399077], "Locksmith": [0.7655671035542208, 0.3865128864260281, 0.37099578333835975], "Dive Spot": [0.2918108526398154, 0.6636678366100087, 0.34094580306726346], "Zoo": [1.0, 0.6003998463060342, 0.040784314333223826], "Drugstore / Pharmacy": [1.0, 0.7893733180036733, 0.11607843310225245], "Metro Station": [0.25933103351032033, 0.591326422551099, 0.503344881885192], "Baseball Field": [0.7387774088803459, 0.564567500002244, 0.6561015199212467], "Middle School": [0.22685121438082526, 0.5189850084921893, 0.6657439607031205], "Grocery Store": [0.9275201888645397, 0.48406000382759995, 0.6723875569946626]}