{"Spiritual Center": [0.946943486438078, 0.511418714242823, 0.7402537640403298], "Travel Lounge": [0.6783852556172539, 0.35180316403800366, 0.2079507945215001], "Yoga Studio": [0.9303037334890925, 0.46488273950184084, 0.1102960436951883], "Home Service": [0.8398616012404947, 0.6959169594680562, 0.18020761661669787], "Warehouse Store": [0.9603075763758491, 0.9246289899536208, 0.19509419781320236], "Gift Shop": [0.46843522085863004, 0.3480199930422446, 0.493656296794321], "City": [0.23767782075732363, 0.5430988131784925, 0.6116109344304776], "Rental Car Location": [1.0, 0.7421299500792634, 0.09725490340999528], "Luggage Store": [0.2555940046029932, 0.47104959671988206, 0.6855824839542893], "Housing Development": [0.4611303529318641, 0.4804152397548451, 0.47907729534541854], "Karaoke Bar": [0.7780392289161682, 0.40470589995384215, 0.3937254995107651], "Steakhouse": [0.3688581460831212, 0.5997539578699598, 0.36958094496353], "Temple": [0.6812764371142668, 0.2249903893646072, 0.30173010963435265], "Real Estate Office": [0.7303652602083542, 0.48799693175390657, 0.166674360983512], "Whisky Bar": [0.7156478447072646, 0.5704729206421796, 0.6467512705746818], "Music Venue": [0.8035832489238066, 0.40459823713583104, 0.3108343049591663], "Other Event": [0.8941176533699036, 0.10196078568696976, 0.10980392247438431], "Nail Salon": [0.887658599544974, 0.46289890946126455, 0.5980776749989566], "Water Park": [1.0, 0.5846520569978976, 0.03450980443580478], "Casino": [0.29451750423393996, 0.6696962877815844, 0.32741254649910284], "Antique Shop": [0.5626297804654814, 0.34914264982821896, 0.599523280765496], "Fish Market": [1.0, 0.8996078431606294, 0.1600000023841858], "Music School": [0.2674509882926941, 0.6094117760658264, 0.46274511218070985], "TV Station": [0.6768627643585206, 0.3443137347698212, 0.5113725662231445], "Flower Shop": [0.8312956655726713, 0.5409458174425013, 0.6935025173075059]}