{"AFTERNOON": [0.8941176533699036, 0.10196078568696976, 0.10980392247438431], "NOON": [0.2430911239455728, 0.5551557155216441, 0.5845444212941563], "MORNING": [1.0, 0.5059131104572147, 0.0031372549487095253], "LATENIGHT": [0.49803923567136127, 0.43267975250879925, 0.522875835498174], "EVENING": [0.8836601376533508, 0.7790849705537161, 0.18562091886997223], "NIGHT": [0.8677278048851911, 0.45231836227809685, 0.5609227340011036]}